,0
0,<strong>弹力修身，3色可选~</strong>JEANSWEST 真维斯 JW-84-181503 男士牛仔裤，采用合金纽扣，复古浮雕工艺。采用双排压线裤耳，穿着版型自然，线条更加流畅。...
1,<strong>高清夜视</strong>本款360 M350 后视镜行车记录仪搭载高清影像传感器，高光白镜技术，呈现自然清晰，支持停车监控功能，熄火后自动进入休眠，车体异常震动，记录仪自动开启...
2,<strong>SOS紧急呼救，让健康安全如影随形。</strong>Apple Watch Series 4最显著的变化在于外观，过去的38毫米和42毫米表盘两版本升级成40毫米与44毫米，表...
3,<strong>锁温保暖，透气舒适~</strong>这款Nan ji ren 南极人 男女加绒款保暖内衣套装，选用60%棉+40%聚酯纤维混纺而成，亲肤透气，内里采用高密度热力绒，蓄热率更高，...
4,<strong>易拉贴包装，外出携带方便~</strong>全棉时代奈丝公主卫生巾采用100%全棉表层，有效减少经期敏感、湿热及闷捂问题，全棉防漏隔边，防侧漏，独立无纺布包装，更卫生，易拉贴包装...
5,"<strong>16.20元/件~</strong>十月稻田 7天美好杂粮粥，采用优质原粮，采用物理粗加工制作，展现原滋原味，原色原香。粗细搭配科学配比，1次1包装。规格：2.1kg。<a id=""link_1574944498747"" href=""https://go.smzdm.com/a1352b4a47ca7255/ca_aa_yh_95_17770963_11421_15089_105_0"" target=""_blank"" syncyh=""false"" syncact=""false"" rel=""nofollow""  onclick=""gtmAddToCart({'name':'十月稻田 7天美好 杂粮粥  2.1kg *4件','id':'17770963' , 'price':'16','brand':'十月稻田' ,'mall':'天猫精选', 'category':'食品生鲜/粮油调味/米面杂粮/无','metric1':'16','dimension10':'tmall.com','dimension9':'youhui','dimension11':'1阶价格','dimension12':'天猫精选','dimension20':'无','dimension32':'先发后审','dimension25':'11421','dimension39':'直达链接','cd49':'无','cd99':'无','cd96':'无','cd58':'无'});"" >天猫超市</a>2..."
6,<strong>超轻巧入门极APS-C微单，售价公允！</strong>佳能EOS M200可看作是佳能成熟技术的一个大拼盘，定位有点类似于曾经胶片时代的“傻瓜机”：各种自动化程序功能让没接触过...
7,<strong>除油膜 清晰视野</strong>此款玻璃水经去污能力测试，可快速清洁油污、虫胶、树粘、鸟粪，提升透光效果；融雪除冰，适用于冬季，能更快的消除冰雪；低泡配方，泡沫量低保障行驶安全...
8,<strong>80%白鸭绒填充，2色可选~</strong>MIZUNO（美津浓）由日本美津浓株式会社于1906年创立，现已成为世界领先的运动器具、服装和鞋类生产商。产品达到30多万个品类，覆...
9,<strong>和Pro 2000牙刷同型号，3D立体旋转，左右旋转8800转/分钟~</strong>这款Oral-B 欧乐-B Pro 2000 3D智能电动牙刷，定位介于D20.523U（...
10,<strong>导热均匀~</strong>Lagostina 拉歌蒂尼是来自意大利的历史超百年的厨具品牌，早已进入欧洲北美各大国家市场，在港台地区也被称为乐锅，旗下产品除了高质量的各类厨具，还...
11,<strong>温和保湿，超级滋润~</strong>兰蔻（LANCOME）于1935年诞生于法国的世界顶级护肤品牌，涉足护肤，彩妆，香水等多个领域，旗下产品特别适合25~40岁成熟女性。兰蔻新...
12,"<strong>25.29元/件~</strong>南纳香，产自泰国东北部，传统香米种植区，米粒细长，粒粒清香，香甜可口，有独特的露兜树香味，规格：5kg。<a id=""link_1574944280848"" href=""https://go.smzdm.com/7e3b42a22a8d6198/ca_aa_yh_95_17781871_11421_184442_105_0"" target=""_blank"" syncyh=""false"" syncact=""false"" rel=""nofollow""  onclick=""gtmAddToCart({'name':'南纳香 泰国香米 5kg  *3件','id':'17781871' , 'price':'25','brand':'南纳香' ,'mall':'天猫精选', 'category':'食品生鲜/粮油调味/米面杂粮/大米','metric1':'25','dimension10':'tmall.com','dimension9':'youhui','dimension11':'1阶价格','dimension12':'天猫精选','dimension20':'无','dimension32':'先发后审','dimension25':'11421','dimension39':'直达链接','cd49':'无','cd99':'无','cd96':'无','cd58':'无'});"" >天猫</a>11月29日0:00售价69.9元..."
13,<strong>天然椰棕内胆，偏硬护脊，三尺寸可选。</strong>全友家私有限公司创建于1986年，主要生产板式套房家具、实木家具、床垫、沙发、软床和定制家具、以及工程家具等系列产品，产品畅...
14,"<strong>80%白鸭绒填充，多色可选。</strong>Mizuno 美津浓 D2ME8751 女士短款羽绒服 ，80%白鸭绒填充，立领样式，短款利落，绗缝工艺，保暖有型。<a id=""link_1574944265190"" href=""https://go.smzdm.com/125856c14ad43b6a/ca_aa_yh_191_17787415_902_753_73_0"" target=""_blank"" syncyh=""false"" syncact=""false"" rel=""nofollow""  onclick=""gtmAddToCart({'name':'Mizuno 美津浓 D2ME8751 女士短款羽绒服  +凑单品','id':'17787415' , 'price':'410','brand':'Mizuno/美津浓' ,'mall':'天猫精选', 'category':'运动户外/运动服饰/运动羽绒服/无','metric1':'410','dimension10':'tmall.com','dimension9':'youhui','dimension11':'6阶价格','dimension12':'天猫精选','dimension20':'无','dimension32':'无','dimension25':'902','dimension39':'直达链接','cd49':'无','cd99':'无','cd96':'无','cd58':'无'});"" >天猫美津浓官方旗</a>..."
15,<strong>可书写可绘画，艺术字必备~</strong>百乐平行艺术绘图钢笔属于百乐的一款美工钢笔，笔头采用两个平行的金属片，能够使书写流畅，可书写多种宽度，采用鳞片结构墨槽，下墨均匀流畅，...
16,<strong>蓄热保暖，适合-5-0度~</strong>ANNAKAKA是细致中带时代感、性感中带休闲的韩国服饰内衣品牌，同时强调产品的舒适和功能性。主营：家居服，内裤，吊带衫，打底袜，女装...
17,"<strong>椰蓉味、酸奶提子味、牛乳味。</strong><a id=""link_1574943850739"" href=""https://go.smzdm.com/1bc1d6f7a3b5c5d8/ca_aa_yh_95_17789036_11804_0_1635_322337"" target=""_blank"" syncyh=""false"" syncact=""false"" rel=""nofollow""  onclick=""gtmAddToCart({'name':'口口妙 生吐司 4袋礼盒装','id':'17789036' , 'price':'17','brand':'无' ,'mall':'天猫精选', 'category':'食品生鲜/休闲食品/饼干糕点/无','metric1':'17','dimension10':'tmall.com','dimension9':'youhui','dimension11':'1阶价格','dimension12':'天猫精选','dimension20':'无','dimension32':'无','dimension25':'11804','dimension39':'直达链接','cd49':'无','cd99':'无','cd96':'无','cd58':'无'});"" >天猫千漾食品专营店</a>该商品售价19.8元，使用<a id=""link_1574944226270"" href=""https://go.smzdm.com/eee0c0688d90d015/ca_aa_yh_95_17789036_11804_0_1635_322337"" target=""_blank"" syncyh=""true"" syncact=""false"" rel=""nofollow""  onclick=""gtmAddToCart({'name':'口口妙 生吐司 4袋礼盒装','id':'17789036' , 'price':'17','brand':'无' ,'mall':'天猫精选', 'category':'食品生鲜/休闲食品/饼干糕点/无','metric1':'17','dimension10':'tmall.com','dimension9':'youhui','dimension11':'1阶价格','dimension12':'天猫精选','dimension20':'无','dimension32':'无','dimension25':'11804','dimension39':'直达链接','cd49':'无','cd99':'无','cd96':'无','cd58':'无'});"" >3元优惠券</a>后实付16.8元包邮到手。4袋装，358克，单个约7.2cm*7.2cm*7...."
18,<strong>国米定制机 全自动扫拖一体</strong>石头 S52 扫地机器人采用扫拖一体设计，植物仿生水箱配合超细纤维拖布，双倍洁净。激光路径规划，定位精准。APP智控区域清扫，随心方便...
19,<strong>双门三温区，加西贝拉压缩机，一天0.58度电。</strong>MIJIA/米家这款型号为 BCD-160MDMJ01 的定频直冷双门冰箱，搭载一线品牌加西贝拉压缩机，一天仅需0...
